metric,method,bootstrap_unit,n,mean,iterations,ci_method,ci_95_low,ci_95_high
QASPER_PPL,ICL Baseline,document,10,59.37,1000,percentile,42.0288,78.5247
QASPER_F1,ICL Baseline,document,10,0.1975,1000,percentile,0.0894,0.3297
MK_NIAH_accuracy,ICL Baseline,sample,100,53.0,1000,percentile,44.0,62.0
target_probability,ICL Baseline,sample,100,0.25118,1000,percentile,0.2452,0.258
QASPER_PPL,CMS Level 2 (Fixed Token),document,10,114.67,1000,percentile,76.4658,160.2136
QASPER_F1,CMS Level 2 (Fixed Token),document,10,0.2038,1000,percentile,0.1018,0.3108
MK_NIAH_accuracy,CMS Level 2 (Fixed Token),sample,100,48.0,1000,percentile,38.0,57.0
target_probability,CMS Level 2 (Fixed Token),sample,100,0.46999,1000,percentile,0.4547,0.486
QASPER_PPL,SA-CMS Level 2 (Structure Aligned),document,10,115.49,1000,percentile,76.9346,160.5592
QASPER_F1,SA-CMS Level 2 (Structure Aligned),document,10,0.2047,1000,percentile,0.1015,0.3126
MK_NIAH_accuracy,SA-CMS Level 2 (Structure Aligned),sample,100,60.0,1000,percentile,50.0,69.0
target_probability,SA-CMS Level 2 (Structure Aligned),sample,100,0.57355,1000,percentile,0.5586,0.5894
QASPER_PPL,CMS Level 2 (Random Boundary),document,10,115.75,1000,percentile,77.4826,160.0605
QASPER_F1,CMS Level 2 (Random Boundary),document,10,0.2165,1000,percentile,0.1112,0.3292
MK_NIAH_accuracy,CMS Level 2 (Random Boundary),sample,100,54.0,1000,percentile,43.0,63.0
target_probability,CMS Level 2 (Random Boundary),sample,100,0.5209,1000,percentile,0.4966,0.5435
