QuestionID,Category,Expected,Actual,Refused,Citations,LatencyMs,Status,Language
VN_ANS_001,answerable,ANSWER,ANSWER (5 cits),False,"VN_DOC_001::P003,VN_DOC_001::P004,VN_DOC_001::P001,VN_DOC_001::P008,VN_DOC_001::P002",25417.45,PASS,vi
VN_ANS_002,answerable,ANSWER,ANSWER (5 cits),False,"VN_DOC_001::P004,VN_DOC_001::P005,VN_DOC_001::P003,VN_DOC_001::P006,VN_DOC_001::P008",27367.6,PASS,vi
VN_ANS_003,answerable,ANSWER,ANSWER (5 cits),False,"VN_DOC_001::P009,VN_DOC_001::P008,VN_DOC_002::P004,VN_DOC_005::P003,VN_DOC_003::P005",27566.51,PASS,vi
VN_ANS_004,answerable,ANSWER,ANSWER (5 cits),False,"VN_DOC_001::P008,VN_DOC_002::P001,VN_DOC_001::P004,VN_DOC_001::P002,VN_DOC_001::P003",27086.16,PASS,vi
VN_ANS_005,answerable,ANSWER,ANSWER (5 cits),False,"VN_DOC_002::P001,VN_DOC_002::P000,VN_DOC_002::P007,VN_DOC_002::P005,VN_DOC_002::P004",27064.89,PASS,vi
VN_ANS_006,answerable,ANSWER,ANSWER (5 cits),False,"VN_DOC_002::P004,VN_DOC_002::P003,VN_DOC_002::P001,VN_DOC_002::P007,VN_DOC_002::P002",25306.06,PASS,vi
VN_ANS_007,answerable,ANSWER,ANSWER (5 cits),False,"VN_DOC_002::P005,VN_DOC_002::P001,VN_DOC_002::P002,VN_DOC_002::P008,VN_DOC_002::P004",25300.44,PASS,vi
VN_ANS_008,answerable,ANSWER,ANSWER (5 cits),False,"VN_DOC_002::P008,VN_DOC_005::P008,VN_DOC_002::P007,VN_DOC_002::P005,VN_DOC_002::P002",25302.76,PASS,vi
VN_ANS_009,answerable,ANSWER,ANSWER (5 cits),False,"VN_DOC_003::P001,VN_DOC_003::P000,VN_DOC_003::P004,VN_DOC_004::P005,VN_DOC_003::P007",25413.21,PASS,vi
VN_ANS_010,answerable,ANSWER,ANSWER (3 cits),False,"VN_DOC_003::P002,VN_DOC_003::P004,VN_DOC_003::P001",26642.63,PASS,vi
VN_ANS_011,answerable,ANSWER,ANSWER (5 cits),False,"VN_DOC_003::P004,VN_DOC_003::P003,VN_DOC_003::P001,VN_DOC_003::P006,VN_DOC_003::P005",26334.51,PASS,vi
VN_ANS_012,answerable,ANSWER,ANSWER (4 cits),False,"VN_DOC_003::P007,VN_DOC_005::P002,VN_DOC_003::P001,VN_DOC_003::P002",25840.54,PASS,vi
VN_ANS_013,answerable,ANSWER,ANSWER (5 cits),False,"VN_DOC_004::P001,VN_DOC_004::P000,VN_DOC_005::P002,VN_DOC_004::P005,VN_DOC_004::P008",26596.73,PASS,vi
VN_ANS_014,answerable,ANSWER,ANSWER (5 cits),False,"VN_DOC_004::P004,VN_DOC_001::P001,VN_DOC_004::P003,VN_DOC_004::P005,VN_DOC_005::P003",25691.23,PASS,vi
VN_ANS_015,answerable,ANSWER,ANSWER (4 cits),False,"VN_DOC_004::P005,VN_DOC_004::P008,VN_DOC_005::P002,VN_DOC_004::P001",25623.31,PASS,vi
VN_ANS_016,answerable,ANSWER,ANSWER (5 cits),False,"VN_DOC_004::P008,VN_DOC_004::P002,VN_DOC_005::P003,VN_DOC_003::P005,VN_DOC_004::P005",25963.05,PASS,vi
VN_ANS_017,answerable,ANSWER,ANSWER (5 cits),False,"VN_DOC_005::P001,VN_DOC_005::P000,VN_DOC_005::P002,VN_DOC_005::P007,VN_DOC_005::P008",25290.98,PASS,vi
VN_ANS_018,answerable,ANSWER,ANSWER (5 cits),False,"VN_DOC_005::P002,VN_DOC_005::P001,VN_DOC_005::P000,VN_DOC_005::P008,VN_DOC_003::P007",25150.79,PASS,vi
VN_ANS_019,answerable,ANSWER,ANSWER (5 cits),False,"VN_DOC_005::P004,VN_DOC_005::P003,VN_DOC_005::P002,VN_DOC_005::P005,VN_DOC_001::P005",26121.04,PASS,vi
VN_ANS_020,answerable,ANSWER,ANSWER (5 cits),False,"VN_DOC_005::P008,VN_DOC_005::P002,VN_DOC_005::P007,VN_DOC_003::P007,VN_DOC_001::P004",26297.16,PASS,vi
VN_UNANS_001,unanswerable,REFUSE,ANSWER (3 cits),False,"VN_DOC_003::P001,VN_DOC_004::P002,VN_DOC_001::P006",25869.26,FAIL,vi
VN_UNANS_002,unanswerable,REFUSE,REFUSAL (insufficient_evidence_coverage),True,NONE,0.48,PASS,vi
VN_UNANS_003,unanswerable,REFUSE,REFUSAL (insufficient_evidence_coverage),True,NONE,0.36,PASS,vi
VN_UNANS_004,unanswerable,REFUSE,ANSWER (5 cits),False,"VN_DOC_004::P002,VN_DOC_001::P005,VN_DOC_002::P007,VN_DOC_005::P008,VN_DOC_003::P007",27747.62,FAIL,vi
VN_UNANS_005,unanswerable,REFUSE,REFUSAL (insufficient_evidence_coverage),True,NONE,0.5,PASS,vi
VN_UNANS_006,unanswerable,REFUSE,ANSWER (3 cits),False,"VN_DOC_004::P004,VN_DOC_003::P004,VN_DOC_005::P005",26189.35,FAIL,vi
VN_UNANS_007,unanswerable,REFUSE,REFUSAL (insufficient_evidence_coverage),True,NONE,0.58,PASS,vi
VN_UNANS_008,unanswerable,REFUSE,ANSWER (5 cits),False,"VN_DOC_003::P001,VN_DOC_005::P001,VN_DOC_004::P001,VN_DOC_004::P004,VN_DOC_005::P007",25918.21,FAIL,vi
VN_UNANS_009,unanswerable,REFUSE,REFUSAL (insufficient_evidence_coverage),True,NONE,0.83,PASS,vi
VN_UNANS_010,unanswerable,REFUSE,REFUSAL (no_relevant_evidence_found),True,NONE,0.37,PASS,vi
VN_INSUFF_001,insufficient_evidence,REFUSE,ANSWER (5 cits),False,"VN_DOC_001::P005,VN_DOC_001::P004,VN_DOC_002::P008,VN_DOC_001::P006,VN_DOC_002::P006",25893.73,FAIL,vi
VN_INSUFF_002,insufficient_evidence,REFUSE,ANSWER (5 cits),False,"VN_DOC_001::P004,VN_DOC_001::P001,VN_DOC_001::P005,VN_DOC_001::P003,VN_DOC_005::P006",25266.46,FAIL,vi
VN_INSUFF_003,insufficient_evidence,REFUSE,ANSWER (5 cits),False,"VN_DOC_002::P001,VN_DOC_002::P007,VN_DOC_005::P002,VN_DOC_005::P004,VN_DOC_002::P005",25553.53,FAIL,vi
VN_INSUFF_004,insufficient_evidence,REFUSE,ANSWER (5 cits),False,"VN_DOC_002::P001,VN_DOC_002::P002,VN_DOC_002::P004,VN_DOC_002::P000,VN_DOC_002::P007",25311.65,FAIL,vi
VN_INSUFF_005,insufficient_evidence,REFUSE,ANSWER (5 cits),False,"VN_DOC_003::P001,VN_DOC_003::P004,VN_DOC_002::P008,VN_DOC_003::P000,VN_DOC_004::P007",25324.99,FAIL,vi
VN_INSUFF_006,insufficient_evidence,REFUSE,ANSWER (4 cits),False,"VN_DOC_003::P002,VN_DOC_003::P001,VN_DOC_003::P004,VN_DOC_003::P000",25303.61,FAIL,vi
VN_INSUFF_007,insufficient_evidence,REFUSE,ANSWER (5 cits),False,"VN_DOC_004::P008,VN_DOC_001::P006,VN_DOC_004::P004,VN_DOC_004::P007,VN_DOC_003::P001",25317.94,FAIL,vi
VN_INSUFF_008,insufficient_evidence,REFUSE,ANSWER (5 cits),False,"VN_DOC_004::P005,VN_DOC_004::P004,VN_DOC_003::P004,VN_DOC_005::P005,VN_DOC_005::P007",25325.3,FAIL,vi
VN_INSUFF_009,insufficient_evidence,REFUSE,ANSWER (5 cits),False,"VN_DOC_005::P004,VN_DOC_005::P002,VN_DOC_004::P001,VN_DOC_005::P005,VN_DOC_005::P006",25526.47,FAIL,vi
VN_INSUFF_010,insufficient_evidence,REFUSE,ANSWER (5 cits),False,"VN_DOC_005::P002,VN_DOC_005::P008,VN_DOC_004::P006,VN_DOC_003::P007,VN_DOC_001::P005",24909.7,FAIL,vi
