config_id,chunk_size,chunk_overlap,top_k,k1,b,score_threshold,total_passages,hit_rate_pct,mrr,avg_top1_score,clear_threshold_pct,avg_latency_ms,composite_calibration_score,description
CAND_07,256,32,5,1.5,0.75,3.0,20,60.0,0.5867,8.0,98.0,0.137,67.2,Standard chunks with lower refusal score threshold (3.0)
CAND_03,256,16,3,1.5,0.75,5.0,20,60.0,0.5867,8.0,78.0,0.135,63.2,"Medium chunks (256), top-3, standard k1/b"
CAND_04_BASELINE,256,32,5,1.5,0.75,5.0,20,60.0,0.5867,8.0,78.0,0.143,63.2,"Standard baseline: chunks 256, overlap 32, top-5, k1=1.5, b=0.75"
CAND_05,256,64,5,1.8,0.85,5.0,20,60.0,0.5867,8.06,78.0,0.137,63.2,"Medium chunks (256), higher overlap (64), high k1/b"
CAND_06,256,32,7,1.5,0.65,5.0,20,60.0,0.5867,8.0,78.0,0.14,63.2,"Medium chunks (256), top-7, lower b (less length penalty)"
CAND_02,128,32,5,1.5,0.75,5.0,25,60.0,0.575,8.3,78.0,0.161,62.85,"Small chunks (128), top-5, standard k1/b"
CAND_01,128,16,3,1.2,0.75,5.0,25,58.0,0.57,8.23,78.0,0.158,61.7,"Small chunks (128), top-3, lower k1"
CAND_09,384,32,3,1.5,0.75,5.0,10,60.0,0.6,6.99,64.0,0.075,60.8,"Large chunks (384), top-3, standard k1/b"
CAND_10,384,48,5,1.5,0.75,5.0,10,60.0,0.6,6.99,64.0,0.076,60.8,"Large chunks (384), top-5, standard k1/b"
CAND_08,256,32,5,1.5,0.75,7.0,20,60.0,0.5867,8.0,56.0,0.133,58.8,Standard chunks with stricter refusal score threshold (7.0)
