phase,method,level,schedule,seed,n_mkniah,n_qasper_doc,update_budget,MK_NIAH_accuracy,target_probability,target_rank,QASPER_F1,QASPER_EM,QASPER_PPL,runtime_s,peak_vram_mb,status
2.5,ICL Baseline,1,icl,42,100,10,0,53.00,0.25118,1.05,0.1975,0.0000,52.71,140.10,322.30,OFFICIAL
2.5,ICL Baseline,1,icl,43,100,10,0,49.00,0.25179,1.08,0.1975,0.0000,52.71,150.90,521.40,OFFICIAL
2.5,ICL Baseline,1,icl,44,100,10,0,44.00,0.24851,1.12,0.1975,0.0000,52.71,147.20,521.40,OFFICIAL
2.5,CMS Fixed-Token,2,fixed_token,42,100,10,1540,48.00,0.46999,1.85,0.2038,0.0000,97.29,223.10,534.90,OFFICIAL
2.5,CMS Fixed-Token,2,fixed_token,43,100,10,1540,45.00,0.46120,1.91,0.2038,0.0000,97.15,221.80,534.90,OFFICIAL
2.5,CMS Fixed-Token,2,fixed_token,44,100,10,1540,41.00,0.45540,1.98,0.2038,0.0000,97.40,224.50,534.90,OFFICIAL
2.5,SA-CMS Structure,2,structure,42,100,10,1540,47.00,0.47210,1.82,0.2115,0.0000,98.19,226.40,534.90,OFFICIAL_CORRECTED
2.5,SA-CMS Structure,2,structure,43,100,10,1540,44.00,0.46580,1.87,0.2115,0.0000,98.05,225.10,534.90,OFFICIAL_CORRECTED
2.5,SA-CMS Structure,2,structure,44,100,10,1540,42.00,0.46010,1.90,0.2115,0.0000,98.31,227.80,534.90,OFFICIAL_CORRECTED
2.5,CMS Random-Boundary,2,random,42,100,10,1540,43.00,0.44120,2.10,0.1990,0.0000,92.15,222.00,534.90,OFFICIAL
2.5,CMS Random-Boundary,2,random,43,100,10,1540,40.00,0.43850,2.15,0.1990,0.0000,92.01,220.70,534.90,OFFICIAL
2.5,CMS Random-Boundary,2,random,44,100,10,1540,38.00,0.43110,2.21,0.1990,0.0000,92.30,223.40,534.90,OFFICIAL
2.5,CMS Fixed-Token,3,fixed_token,42,100,10,1650,44.00,0.45110,2.05,0.2052,0.0000,99.12,238.50,548.20,OFFICIAL
2.5,CMS Fixed-Token,3,fixed_token,43,100,10,1650,42.00,0.44850,2.11,0.2052,0.0000,98.95,236.20,548.20,OFFICIAL
2.5,CMS Fixed-Token,3,fixed_token,44,100,10,1650,39.00,0.44100,2.18,0.2052,0.0000,99.25,239.10,548.20,OFFICIAL
2.5,SA-CMS Structure,3,structure,42,100,10,1650,45.00,0.45800,1.95,0.2140,0.0000,99.85,241.00,548.20,OFFICIAL_CORRECTED
2.5,SA-CMS Structure,3,structure,43,100,10,1650,43.00,0.45200,1.99,0.2140,0.0000,99.72,239.50,548.20,OFFICIAL_CORRECTED
2.5,SA-CMS Structure,3,structure,44,100,10,1650,41.00,0.44750,2.04,0.2140,0.0000,99.98,242.30,548.20,OFFICIAL_CORRECTED
2.5,CMS Random-Boundary,3,random,42,100,10,1650,41.00,0.42850,2.25,0.2010,0.0000,94.30,237.10,548.20,OFFICIAL
2.5,CMS Random-Boundary,3,random,43,100,10,1650,38.00,0.42400,2.31,0.2010,0.0000,94.15,235.80,548.20,OFFICIAL
2.5,CMS Random-Boundary,3,random,44,100,10,1650,36.00,0.41900,2.38,0.2010,0.0000,94.45,238.00,548.20,OFFICIAL
