Method,RQ1,RQ2,RQ3,RQ4,RQ5,QASPER,LongHealth,MK-NIAH,Vietnamese,Status,Checkpoint,External GPU Required
B1,COMPLETED,NOT_RUN,COMPLETED,NOT_RUN,COMPLETED,COMPLETED,COMPLETED,COMPLETED,COMPLETED,COMPLETED,None (frozen backbone),False
B2,NOT_RUN,NOT_RUN,COMPLETED,NOT_RUN,COMPLETED,NOT_RUN,NOT_RUN,NOT_RUN,COMPLETED,COMPLETED,None (frozen backbone),False
B3,EXCLUDED,EXCLUDED,EXCLUDED,EXCLUDED,EXCLUDED,EXCLUDED,EXCLUDED,EXCLUDED,EXCLUDED,EXCLUDED,None,False
B4,COMPLETED,NOT_RUN,NOT_RUN,NEED_EXTERNAL_GPU,COMPLETED,COMPLETED,COMPLETED,COMPLETED,COMPLETED,PARTIAL,checkpoints/phase4_1/cms_1lvl_seed_{seed}.pt,True
B5,COMPLETED,COMPLETED,COMPLETED,NEED_EXTERNAL_GPU,COMPLETED,COMPLETED,COMPLETED,COMPLETED,COMPLETED,PARTIAL,checkpoints/phase4_1/cms_3lvl_seed_{seed}.pt,True
P1,COMPLETED,COMPLETED,COMPLETED,NEED_EXTERNAL_GPU,COMPLETED,COMPLETED,COMPLETED,COMPLETED,COMPLETED,PARTIAL,checkpoints/phase4_1/cms_3lvl_seed_{seed}.pt,True
P2,NOT_RUN,NOT_RUN,COMPLETED,NOT_RUN,COMPLETED,NOT_RUN,NOT_RUN,NOT_RUN,COMPLETED,COMPLETED,checkpoints/phase4_1/cms_3lvl_seed_{seed}.pt,False
A1,NOT_RUN,NEED_EXTERNAL_GPU,NOT_RUN,NOT_RUN,NOT_RUN,NEED_EXTERNAL_GPU,NEED_EXTERNAL_GPU,NOT_RUN,NOT_RUN,NEED_EXTERNAL_GPU,external_gpu/phase4_2/A1/cms_3lvl_random_seed_{seed}.pt,True
A2,NOT_RUN,COMPLETED,NOT_RUN,NOT_RUN,NOT_RUN,COMPLETED,COMPLETED,NOT_RUN,NOT_RUN,COMPLETED,checkpoints/phase4_1/cms_2lvl_seed_{seed}.pt,False
A3,NOT_RUN,NEED_EXTERNAL_GPU,NOT_RUN,NOT_RUN,NOT_RUN,NEED_EXTERNAL_GPU,NEED_EXTERNAL_GPU,NOT_RUN,NOT_RUN,NEED_EXTERNAL_GPU,external_gpu/phase4_2/A3/cms_3lvl_additive_seed_{seed}.pt,True
